1,"([動作主]の働きかけで)　[1]の位置が変化する"
2,"（[動作主]の働きかけで）　[1]の位置が変化する"
3,"（[動作主]の働きかけで）　[1]が[起点=現場]にいない状態　になる"
4,"([動作主]の働きかけで)　[1]が[起点=現場]にいない状態　になる"
5,"([動作主]の働きかけで)　[1]が[起点]にいない状態　になる"
6,"([動作主]の働きかけで)　[1]が[起点=現場]にいない　かつ　[着点]にいる状態　になる"
7,"([動作主]の働きかけで)　[1]が[2]から出た状態　になる"
8,"（[動作主]の働きかけで）　[1]が[起点]にいない状態　になる"
9,"([動作主]の働きかけで)　[1]が[2]に隠れて見えない位置にある状態　になる"
10,"[1=人]が[2]について行動を共にする"
11,"（[動作主]の働きかけで）　[1]が[2]より高くなった状態　になる"
12,"（[動作主]の働きかけで）　[1]が[境界]を越えた位置　または　[範囲]の内側の位置にいる状態　になる"
13,"（[動作主]の働きかけで）　[1]と[2]が関係を絶った状態　になる"
14,"（[動作主]の働きかけで）　[1]が[起点=現場]にいない　かつ　[着点]にいる状態　になる"
15,"([動作主]の働きかけで)　[1]が[経由点]を越えた位置にいる状態　になる"
16,"（[動作主]の働きかけで）　[1]と[2]の順序が（入れ替わった｜混ざった）状態　になる"
17,"（[動作主]の働きかけで）　[1]が[経由点]を越えた位置にいる状態　になる"
18,"([動作主]の働きかけで)　[1]が[場所]を迂回して別の位置にいる状態　になる"
19,"（[動作主]の働きかけで）　[1]が[場所]を迂回して別の位置にいる状態　になる"
20,"([動作主]の働きかけで)　[1]が[経路]を移動して別の位置にいる状態　になる"
21,"（[動作主]の働きかけで）　[1]が[経路]を移動して別の位置にいる状態　になる"
22,"（[動作主]の導きで）　[1]が[着点]にいる状態　になる"
23,"([動作主]の働きかけで)　[1]が[着点]にいて姿が見えるような状態　になる"
24,"（[動作主]の働きかけで）　[1]が[着点]にいて姿が見えるような状態　になる"
25,"([動作主]の働きかけで)　[1]が[着点]にいる状態　になる"
26,"([動作主]の働きかけで)　[1]が[2]の下や中に埋まった状態　になる"
27,"([動作主]の働きかけで)"
28,"（[動作主]の働きかけで）　[1]の移動方向が[2]になった状態　になる"
29,"（[動作主]の働きかけで）　[1]が倒れた状態　になる"
30,"（[動作主]の働きかけで）　[1]が[着点]にいる状態　になる"
31,"([動作主]の働きかけで)　[1]を[2]にかざした状態　になる"
32,"（[動作主]の働きかけで）　[1]と[2]が束ねられた状態　になる"
33,"([動作主]の働きかけで)　[1]と[2]が束ねられた状態　になる"
34,"（[動作主]の働きかけで）　([1]が[2]から|[1]の結び目が)ほどかれた状態　になる"
35,"（[動作主]の働きかけで）　[1]が[2]に覆われた状態　になる"
36,"([動作主]の働きかけで)　[1]が[2]に覆われた状態　になる"
37,"（[動作主]の働きかけで）　[1]が[2]に覆われていない状態　になる"
38,"([動作主]の働きかけで)　[1]が[2]にふりかかった状態　になる"
39,"（[動作主]の働きかけで）　[1]が[2]にふりかかった状態　になる"
40,"([動作主]の働きかけで)　[1]が[2]に囲まれた状態　になる"
41,""
42,"（[動作主]の働きかけで）　[1]を[2]にかざした状態　になる"
43,"（[動作主]の働きかけで）　[1]が[2]の上に重ねられた状態　になる"
44,"([動作主]の働きかけで)　[1]と[2]が離れた状態　になる"
45,"（[動作主]の働きかけで）　[1]と[2]が離れた状態　になる"
46,"（[動作主]の働きかけで）　[1]と[2]が交差した状態　になる"
47,"（[動作主]の働きかけで）　[2]が[1]を締め付けた状態　になる"
48,"（[動作主]の働きかけで）　[1]を締めている[2]が緩んだ状態　になる"
49,"（[動作主]の働きかけで）　[1]が[2]の上の方にある状態　になる"
50,"([動作主]の働きかけで)　[1]が[2]に届く位置にある状態　になる"
51,"（[動作主]の働きかけで）　[1]が[2]に隠れて見えない位置にある状態　になる"
52,"（[動作主]の働きかけで）　[1]が[2]より低くなった状態　になる"
53,"（[動作主]の働きかけで）　[1]が[2]に浸透した（物理的に広がった）状態　になる"
54,"([動作主]の働きかけで)　[1]が[2]に浸透した(物理的に広がった)状態　になる"
55,"([動作主]の働きかけで)　[1]が[2]に普及した(抽象的に広がった)状態　になる"
56,"（[動作主]の働きかけで）　[1]が[2]に普及した（抽象的に広がった）状態　になる"
57,"([動作主]の働きかけで)　[1]が[2]から出て[2]が空の状態　になる"
58,"（[動作主]の働きかけで）　[1]が[2]から出て[2]が空の状態　になる"
59,"（[動作主]の働きかけで）　[2]が[1]で一杯の状態　になる"
60,"([動作主]の働きかけで)　[2]が[1]で一杯の状態　になる"
61,"（[動作主]の働きかけで） [1]と[2]が向き合った状態　になる"
62,"（[動作主]の働きかけで） [1]が([2=場所]に)まばらな状態　になる"
63,"（[動作主]の働きかけで）　[2]が[1]の支えとなった状態　になる"
64,"([動作主]の働きかけで)　[1]を[2]の間に渡した状態　になる"
65,"（[動作主]の働きかけで）　[1]を[2]の間に渡した状態　になる"
66,"([動作主]の働きかけで)　[1]が[2](の中)に入った状態　になる"
67,"（[動作主]の働きかけで）　[1]が[2]（の中）に入った状態　になる"
68,"（[動作主]の働きかけで）　[1]が[2=（人｜身体部分）]に付着した状態　になる"
69,"（[動作主]の働きかけで）　[1]が[2]から出た状態　になる"
70,"（[動作主]の働きかけで）　[1]が[2]を貫いた状態　になる"
71,"([動作主]の働きかけで)　[1=とがったもの]が[2]に刺さった状態　になる"
72,"([動作主]の働きかけで)　[1]が[2]を貫いた状態　になる"
73,"（[動作主]の働きかけで）　複数の[1]が[2]に集まった状態　になる"
74,"（[動作主]の働きかけで）　複数の[1]が[2]に分散した状態　になる"
75,"（[動作主]の働きかけで）　[1]と[2]が接触した状態　になる"
76,"([動作主]の働きかけで)　[1]が[2]から取り除かれた状態　になる"
77,"（[動作主]の働きかけで）　[1]が[2]から取り除かれた状態　になる"
78,"([動作主]の働きかけで)　[1]が[2=(人|身体部分)]に付着した状態　になる"
79,"([動作主]の働きかけで)　[1]が[2]に付着した状態　になる"
80,"（[動作主]の働きかけで）　[1]が[2]に付着した状態　になる"
81,"[1]が[2]を倒そうとして　動作を行う"
82,"([動作主]の働きかけで)　[1=(情報|映像)]が[着点]の上に現れた状態　になる"
83,"（[動作主]の働きかけで）　[1]が[2(起点)]から[着点]に降りた状態　になる"
84,"（[動作主]の働きかけで）　[1]が[2(着点)]に乗った状態　になる"
85,"([動作主]の働きかけで)　[1]が[2]から取り出された状態　になる"
86,"（[動作主]の働きかけで）　[1]が[2]から取り出された状態　になる"
87,"（[動作主]の働きかけで）　[1]が[2]に埋まった状態　になる"
88,"[1=動作]が[2=動作]と平行して行われる"
89,"([動作主]の働きかけで)　[1]と[2]が並んだ状態　になる"
90,"（[動作主]の働きかけで）　[1]と[2]が並んだ状態　になる"
91,"（[動作主]の働きかけで）　[1]を[2]から削減した状態　になる"
92,"([動作主]の働きかけで)　[1]を[2]に(付け加えた|添えた)状態　になる"
93,"（[動作主]の働きかけで）　[1]を[2]に（付け加えた｜添えた）状態　になる"
94,"（[動作主]の働きかけで）　[1=情報]が[2]にいる人々に知れ渡った状態　になる"
95,"([動作主]の働きかけで)　([1]が[2]に貸し出されて)[1]が[2=人]のもとにある状態　になる"
96,"（[動作主]の働きかけで）　（[1]が[2]に分配されて）[1]が[2=人]のもとにある状態　になる"
97,"([動作主]の働きかけで)　([1]が[2]に分配されて)[1]が[2=人]のもとにある状態　になる"
98,"([動作主]の働きかけで)　([2]が[1]を継承して)[1]が[2=人]のもとにある状態　になる"
99,"（[動作主]の働きかけで）　（[2]が[1]を継承して）[1]が[2=人]のもとにある状態　になる"
100,"（[動作主]の働きかけで）　（[2]が[1]を購入して）[1]が[2=人]のもとにある状態　になる"
101,"([動作主]の働きかけで)　([2]が[1]を購入して)[1]が[2=人]のもとにある状態　になる"
102,"([動作主]の働きかけで)　([2]が[1]を借用して)[1]が[2=人]のもとにある状態　になる"
103,"（[動作主]の働きかけで）　（[2]が[1]を借用して）[1]が[2=人]のもとにある状態　になる"
104,"（[動作主]の働きかけで）　（物理的に）[1]が[2=人]のもとにある状態　になる"
105,"([動作主]の働きかけで)　([2]が[1=一度[2]の手元から離れていたもの]を奪回して)[1]が[2=人]のもとにある状態　になる"
106,"（[動作主]の働きかけで）　（[2]が[1=一度[2]の手元から離れていたもの]を奪回して）[1]が[2=人]のもとにある状態　になる"
107,"（[動作主]の働きかけで）　（[2]が[1]を徴収して）[1]が[2=人]のもとにある状態　になる"
108,"([動作主]の働きかけで)　([2]が[1]を入手して)[1]が[2=人]のもとにある状態　になる"
109,"（[動作主]の働きかけで）　（[2]が[1]を入手して）[1]が[2=人]のもとにある状態　になる"
110,"([動作主]の働きかけで)　([2]が[1]を略奪して)[1]が[2=人]のもとにある状態　になる"
111,"（[動作主]の働きかけで）　（[2]が[1]を略奪して）[1]が[2=人]のもとにある状態　になる"
112,"([動作主]の働きかけで)　([2]が[1]を取得して)[1]が[2=人]のもとにある状態　になる"
113,"([動作主]の働きかけで)　([1]が[2]に支払われて)[1]が[2=人]のもとにある状態　になる"
114,"([動作主]の働きかけで)　([1]が[2]に提供されて)[1]が[2=人]のもとにある状態　になる"
115,"（[動作主]の働きかけで）　（[1]が[2]に提供されて）[1]が[2=人]のもとにある状態　になる"
116,"([動作主]の働きかけで)　([1]が[2]に提出されて)[1]が[2=人]のもとにある状態　になる"
117,"（[動作主]の働きかけで）　（[1]が[2]に提出されて）[1]が[2=人]のもとにある状態　になる"
118,"（[動作主]の働きかけで）　（[1]が[2]に伝わって）[1]が[2=人]のもとにある状態　になる"
119,"([動作主]の働きかけで)　([1]が[2]に伝わって)[1]が[2=人]のもとにある状態　になる"
120,"（[動作主]の働きかけで）　（[1]が[2]に取られて）[1]が[2=人]のもとにある状態　になる"
121,"（[動作主]の働きかけで）　（[1]が[2]に（返却｜返済）されて）[1]が[2=人]のもとにある状態　になる"
122,"（[動作主]の働きかけで）　（[1]が[2]に支払われて）[1]が[2=人]のもとにある状態　になる"
123,"（[動作主]の働きかけで）　（[1]が[用途]で運用するために[投資先]に投資されて）[1]が[投資先]のもとにある状態　になる"
124,"（[動作主]の働きかけで）　（[1]が[2]に貸し出されて）[1]が[2=人]のもとにある状態　になる"
125,"（[動作主]の働きかけで）　（[1]が[2=1が受けた損害に相当する値打ちのもの]に提供されて）[1]が[2=人]のもとにある状態　になる"
126,"（[動作主]の働きかけで）　（[1]が[2]に販売されて）[1]が[2=人]のもとにある状態　になる"
127,"（[動作主]の働きかけで）　（[2]が[1]を貯蓄して）[1]が[2=人]のもとにある状態　になる"
128,"（[動作主]の働きかけで）　（[2]が[1]を取得して）[1]が[2=人]のもとにある状態　になる"
129,"([動作主]の働きかけで)　([2]が[1]を貯蓄して)[1]が[2=人]のもとにある状態　になる"
130,"（[動作主]の働きかけで）　（[2]が[1]を喪失して）[1]が[2=人]のもとにない状態　になる"
131,"（[動作主]の働きかけで）　（[2]が[1]を消費して）[1]が[2=人]のもとにない状態　になる"
132,"([動作主]の働きかけで)　([2]が[1]を消費して)[1]が[2=人]のもとにない状態　になる"
133,"([動作主]の働きかけで)　([2]が[1]を喪失して)[1]が[2=人]のもとにない状態　になる"
134,"（[動作主]の働きかけで）　[1=（情報｜映像）]が[着点]の上に現れた状態　になる"
135,"([動作主]の働きかけで)　[1]が[変化前=調(媒介)]から[変化先=調(媒介)]に変換された状態　になる"
136,"（[動作主]の働きかけで）　[1]が[変化前=調（言語）]から[変化先=調（言語）]に変換された状態　になる"
137,"（[動作主]の働きかけで）　（[2]が[1=情報]を入手して）[1]が[2=人]のもとにある状態　になる"
138,"([動作主]の働きかけで)　([2]が[1=情報]を入手して)[1]が[2=人]のもとにある状態　になる"
139,"([動作主]の働きかけで)　([1]が表す情報が[2]に伝えられて)[1]が[2=人]のもとにある状態　になる"
140,"（[動作主]の働きかけで）　（[1=言語以外のもの]が表す情報が[2]に伝えられて）[1]が[2=人]のもとにある状態　になる"
141,"（[動作主]の働きかけで）　（[1=人]の犯罪事実が[裁判所]に伝えられて）[1]の犯罪事実が[2=人]のもとにある状態　になる"
142,"([動作主]の働きかけで)　([1=人]の犯罪事実が[裁判所]に伝えられて)[1]の犯罪事実が[2=人]のもとにある状態　になる"
143,"（[動作主]の働きかけで）　（[1=情報]が[2]に教えられて）[1]が[2=人]のもとにある状態　になる"
144,"（[動作主]の働きかけで）　（[1]が表す情報（=願い、要求）が[2]に伝えられて）[1]が[2=人]のもとにある状態　になる"
145,"（[動作主]の働きかけで）　（[1=情報]が[2]に伝わって）[1]が[2=人]のもとにある状態　になる"
146,"（[動作主]の働きかけで）　（[1]が表す情報が[2]に伝えられて）[1]が[2=人]のもとにある状態　になる"
147,"([動作主]の働きかけで)　([1]が[2]を認識することで)　[1]の頭の中で[2]が定まった状態　になる"
148,"[1]が[2]についての内容を把握、改善しようと　[2]について検討・反省をする"
149,"([動作主]の働きかけで)　([2=問題]|[2=質問者]からの問いかけ)に対する[1]が(質問者|[2])に伝えられて)[1]が[2=人]のもとにある状態　になる"
150,"（[動作主]の働きかけで）　（[2=問題]｜[2=質問者]からの問いかけ）に対する[1]が（質問者｜[2]）に伝えられて）[1]が[2=人]のもとにある状態　になる"
151,"（[動作主]の働きかけで）　（[1]が[2]に（言語または、それ以外の手段で）伝えられて）　[1]が[2=人]のもとにある状態　になる"
152,"([動作主]の働きかけで)　([1]が[2]に(言語または、それ以外の手段で)伝えられて)　[1]が[2=人]のもとにある状態　になる"
153,"（[動作主]の働きかけで）　（[1]に対する肯定の考えが[2]に伝えられて）[1]が[2=人]のもとにある状態　になる"
154,"（[動作主]の働きかけで）　（[1]に対する否定の考えが[2]に伝えられて）[1]が[2=人]のもとにある状態　になる"
155,"([動作主]の働きかけで)　([1=情報]が[2]に記憶されて)　[1=情報]が[2=人]のもとにある状態　になる"
156,"（[動作主]の働きかけで）　（[1=情報]が[2]に記憶されて）　[1=情報]が[2=人]のもとにある状態　になる"
157,"（[動作主]の働きかけで）　（[1=以前記憶していた情報]が[2]によって思い出されて）　[1=情報]が[2=人]のもとにある状態　になる"
158,"([動作主]の働きかけで)　([1=以前記憶していた情報]が[2]によって思い出されて)　[1=情報]が[2=人]のもとにある状態　になる"
159,"([動作主]の働きかけで)　([1]の存在が[2]に知られて)　[1]の存在情報が[2=人]のもとにある状態　になる"
160,"（[動作主]の働きかけで）　（[1]の存在が[2]に知られて）　[1]の存在情報が[2=人]のもとにある状態　になる"
161,"([動作主]の働きかけで)　([1]の内容が[2]に理解されて)　[1=情報]が[2=人]のもとにある状態　になる"
162,"（[動作主]の働きかけで）　（[1]に関する情報が[2]に分からなくなり）　[1=情報]が[2=人]のもとにない状態　になる"
163,"([動作主]の働きかけで)　([1]に関する情報が[2]に忘れられて)　[1=情報]が[2=人]のもとにない状態　になる"
164,"（[動作主]の働きかけで）　（[1]に関する情報が[2]に忘れられて）　[1=情報]が[2=人]のもとにない状態　になる"
165,"（[動作主]の働きかけで）　（[1=期間]が間におかれた状態　になる"
166,"（[動作主]の働きかけで）　（[1=期間]が延長された状態　になる"
167,"（[動作主]の働きかけで）　（[1=時期]が遅くなった状態　になる"
168,"（[動作主]の働きかけで）　（[1=時期]が早くなった状態　になる"
169,"([動作主]の働きかけで)　([1=時期]が変更された状態　になる"
170,"（[動作主]の働きかけで）　（[1=時期]が[対象]を避けて別の時期に予定された状態　になる"
171,"（[動作主]の働きかけで）　（[1]ができあがり）　[1]が存在する状態　になる"
172,"（[動作主]の働きかけで）　（[1=契約]が成立し）　[1]が存在する状態　になる"
173,"([動作主]の働きかけで)　([1=契約]が成立し)　[1]が存在する状態　になる"
174,"（[動作主]の働きかけで）　（[1]を（新たに増やして）作成し）　[1]が存在する状態　になる"
175,"（[動作主]の働きかけで）　（[1]の（機能｜命）が復活し）　[1]が（有効に）存在する状態　になる"
176,"（[動作主]の働きかけで）　（[1]が作られて）　[1]が存在する状態　になる"
177,"([動作主]の働きかけで)　([1]が作られて)　[1]が存在する状態　になる"
178,"（[動作主]の働きかけで）　（[2=感情]そのものが発生し）　[1=人]が[2]の感情を持っている状態　になる"
179,"([動作主]の働きかけで)　([対象]の内容を[1]に表して)　[1]が存在する状態　になる"
180,"（[動作主]の働きかけで）　（[対象]の内容を[1]に表して）　[1]が存在する状態　になる"
181,"([動作主]の働きかけで)　([1]と同じものを別に作って)　[1]が存在する状態　になる"
182,"（[動作主]の働きかけで）　（[1]を育てて成長させ）　[1]が存在する状態　になる"
183,"（[動作主]の働きかけで）　（[1=情報]ができあがり）　[1]が存在する状態　になる"
184,"([動作主]の働きかけで)　([1=情報]が生み出され)　[1]が存在する状態　になる"
185,"（[動作主]の働きかけで）　（[1=情報]が生み出され）　[1]が存在する状態　になる"
186,"([動作主]の働きかけで)　([1=情報]が(計算により)生み出され)　[1]が存在する状態　になる"
187,"（[動作主]の働きかけで）　（[1=情報]が（計算により）生み出され）　[1]が存在する状態　になる"
188,"([動作主]の働きかけで)　([1]が(頭の中に)生み出され)　[1]が存在する状態　になる"
189,"（[動作主]の働きかけで）　（[1]が（頭の中に）生み出され）　[1]が存在する状態　になる"
190,"（[動作主]の働きかけで）　（[1=契約や制度]が解除され）　[1]が存在しない状態　になる"
191,"（[動作主]の働きかけで）　（[1]の（機能｜命）が消滅し）　[1]の機能が無効である状態　になる"
192,"([動作主]の働きかけで)　([1]の(機能|命)が消滅し)　[1]の機能が無効である状態　になる"
193,"([動作主]の働きかけで)　([1=人]が死滅し)　[1]が存在しない状態　になる"
194,"（[動作主]の働きかけで）　（[1=人]が死滅し）　[1]が存在しない状態　になる"
195,"（[動作主]の働きかけで）　（[1]が消滅し）　[1]が存在しない状態　になる"
196,"([動作主]の働きかけで)　([1]が消滅し)　[1]が存在しない状態　になる"
197,"（[動作主]の働きかけで）　（[1=以前に出されていたもの]が取り消され）　[1]が存在しない状態　になる"
198,"（[動作主]の働きかけで）　[1=争い、喧嘩]を行っている当事者が仲直りした状態　になる"
199,"（[動作主]の働きかけで）　[1=人]が[2=人以外]に関わっている状態　になる"
200,"（[動作主]の働きかけで）　[1]と[2]の相対的な関係が変化する"
201,"（[動作主]の働きかけで）　[1]が[2]に比べて遅れた状態　になる"
202,"（[動作主]の働きかけで）　[1]が[2]のレベルに近づいた状態　になる"
203,"([動作主]の働きかけで)　[1]が[2]のレベルと同等である状態　になる"
204,"（[動作主]の働きかけで）　[1]が（[2]に比べ｜[2]の範囲で）優位な状態　になる"
205,"（[動作主]の働きかけで）　[1]が（[2]に比べ｜[2]の範囲で）劣った状態　になる"
206,"（[動作主]の働きかけで）　[1]と[2]の関係に何らかの変化が起こった状態　になる"
207,"（[動作主]の働きかけで）　（[1]が[2=味方]を裏切り）　[1]が[2]に服従する関係にない状態　になる"
208,"（[動作主]の働きかけで）　[1]が[2]に服従する関係にある状態　になる"
209,"([動作主]の働きかけで)　[1]が[2]に服従する関係にある状態　になる"
210,"（[動作主]の働きかけで）　[1=関係]が悪化した状態　になる"
211,"([動作主]の働きかけで)　[1=関係]が悪化した状態　になる"
212,"([動作主]の働きかけで)　[1=関係]が親密である状態　になる"
213,"（[動作主]の働きかけで）　[1=関係]が断ち切られた状態　になる"
214,"([動作主]の働きかけで)　[1=人]が[2=人以外]に関わっている状態　になる"
215,"([動作主]の働きかけで)　[1]と[2]が結びついた状態　になる"
216,"（[動作主]の働きかけで）　[1]が[2]に順応した状態　になる"
217,"([動作主]の働きかけで)　[1]が[2]に順応した状態　になる"
218,"（[動作主]の働きかけで）　（[1]が[起点]から離れ）　[1]が独立した状態　になる"
219,"([動作主]の働きかけで)　([1]が[起点]から離れ)　[1]が独立した状態　になる"
220,"（[動作主]の働きかけで）　[1=仲が悪かった当事者]と[2=仲が悪かった当事者]が仲直りした状態　になる"
221,"（[動作主]の働きかけで）　[1]と[2]が結びついた状態　になる"
222,"([動作主]の働きかけで)　[1]が[2]を支配する関係にある状態　になる"
223,"（[動作主]の働きかけで）　[1]が[2]を支配する関係にある状態　になる"
224,"（[動作主]の働きかけで）　[1]が[2]を見捨てている関係にある状態　になる"
225,"（[動作主]の働きかけで）　（[1]が[2]を釈放し）　[1]が[2]を支配する関係にない状態　になる"
226,"([動作主]の働きかけで)　([1]が[2]を釈放し)　[1]が[2]を支配する関係にない状態　になる"
227,"（[動作主]の働きかけで）　[1]と[2]が引き分けである状態　になる"
228,"（[動作主]の働きかけで）　（[1]が[2]に降参することで）　[1]が[2]に負けた状態　になる"
229,"([動作主]の働きかけで)　([1]が[2]に降参することで)　[1]が[2]に負けた状態　になる"
230,"([動作主]の働きかけで)　[1]が[2]に勝った状態　になる"
231,"（[動作主]の働きかけで）　[1]が[2]に勝った状態　になる"
232,"（[動作主]の働きかけで）　[1]が[2]に負けた状態　になる"
233,"（[動作主]の働きかけで）　[1]が[2]に対し賛成の立場をとった状態　になる"
234,"（[動作主]の働きかけで）　[1]が[2]に対し中立の立場をとった状態　になる"
235,"（[動作主]の働きかけで）　[1]が[2]に対し反対の立場をとった状態　になる"
236,"（[動作主]の働きかけで）　（[1]の[2]に対する約束がキャンセルされ）　（[1]と[2]が｜[1]が[2]に対し）約束を結んでいない状態　になる"
237,"（[動作主]の働きかけで）　（[1]と[2]が｜[1]が[2]に対し）約束を結んでいる状態　になる"
238,"([動作主]の働きかけで)　([1]と[2]が|[1]が[2]に対し)約束を結んでいる状態　になる"
239,"（[動作主]の働きかけで）　（[1]が自分の意見を押さえ）　[1]が[2]の意見で約束を結んでいる状態　になる"
240,"（[動作主]の働きかけで）　[1]が[2]に関係づけられた状態　になる"
241,"（[動作主]の働きかけで）　[1]が[2]の（必要量｜限界量）まで満たされた状態　になる"
242,"（[動作主]の働きかけで）　[1]が[2=基準値]を超過した状態　になる"
243,"([動作主]の働きかけで)　[1]が[2=基準値]を超過した状態　になる"
244,"([動作主]の働きかけで)　[1]が[2]に比べて遅れた状態　になる"
245,"（[動作主]の働きかけで）　[1]が[2]に比べて早い状態　になる"
246,"([動作主]の働きかけで)　[1]が[2]の存在のため際立った状態　になる"
247,"([動作主]の働きかけで)　[1]が[2]と似ている状態　になる"
248,"（[動作主]の働きかけで）　[1]が[2]と同じ状態　になる"
249,"（[動作主]の働きかけで）　[1]が[2]と異なる状態　になる"
250,"([動作主]の働きかけで)　[1]が[2]に含まれる状態　になる"
251,"（[動作主]の働きかけで）　[1]が[2]に含まれる状態　になる"
252,"（[動作主]の働きかけで）　[1]が[2]に含まれない状態　になる"
253,"([動作主]の働きかけで)　[1]が[2]と異なる状態　になる"
254,"（[動作主]の働きかけで）　[1]と[2]が結合した状態　になる"
255,"([動作主]の働きかけで)　[1]と[2]が結合した状態　になる"
256,"（[動作主]の働きかけで）　[1]が（[変化先]｜[数量]）に区切られた状態　になる"
257,"（[動作主]の働きかけで）　[1]が（[変化先]｜[数量]）に分離した状態　になる"
258,"（[動作主]の働きかけで）　複数の[1]がまとまった状態　になる"
259,"（[動作主]の働きかけで）　[1=不足、損失など]が[2]で補われた状態　になる"
260,"([動作主]の働きかけで)　[1=(人|身体部分)]に何らかの変化が起こった状態　になる"
261,"（[動作主]の働きかけで）　[1=（人｜身体部分）]に何らかの変化が起こった状態　になる"
262,"（[動作主]の働きかけで）　[1=身体部分]が整えられた状態　になる"
263,"([動作主]の働きかけで)　[1=身体部分]が整えられた状態　になる"
264,"([動作主]の働きかけで)　[1=人]の姿勢が変化する"
265,"（[動作主]の働きかけで）　[1=人]の姿勢が変化する"
266,"([動作主]の働きかけで)　[1=人]の身なりが変化する"
267,"（[動作主]の働きかけで）　[1=人]の身なりが変化する"
268,"([動作主]の働きかけで)　[1=人]が身体的に変化する"
269,"([動作主]の働きかけで)　[1=人]の体調に何らかの変化が発生した状態　になる"
270,"（[動作主]の働きかけで）　[1=人]または[1]の身体部分に治療がほどこしてある状態　になる"
271,"([動作主]の働きかけで)　([1=人]または[1]の身体部分が回復し)　[1=人]または[1]の身体部分が元の(健康な)状態　になる"
272,"（[動作主]の働きかけで）　（[1=人]または[1]の身体部分が回復し）　[1=人]または[1]の身体部分が元の（健康な）状態　になる"
273,"([動作主]の働きかけで)　[1=人]の身体部分に何らかの症状が発生した状態　になる"
274,"（[動作主]の働きかけで）　[1=人]の身体部分に何らかの症状が発生した状態　になる"
275,"（[動作主]の働きかけで）　[1=人]の体調に何らかの変化が発生した状態　になる"
276,"([動作主]の働きかけで)　[1=人]が病気である状態　になる"
277,"（[動作主]の働きかけで）　[1=人]が病気である状態　になる"
278,"([動作主]の働きかけで)　[1=人]が成長した状態　になる"
279,"（[動作主]の働きかけで）　[1=人]が成長した状態　になる"
280,"([動作主]の働きかけで)　[1=人]が年を取った状態　になる"
281,"（[動作主]の働きかけで）　[1=人]が若々しい状態　になる"
282,"（[動作主]の働きかけで）　[1=人]の身体部分の形が変化した状態　になる"
283,"([動作主]の働きかけで)　[1=人]の身体部分の形が変化した状態　になる"
284,"([動作主]の働きかけで)　[1=人]または[1]の身体部分が太い状態　になる"
285,"（[動作主]の働きかけで）　[1=人]または[1]の身体部分が太い状態　になる"
286,"([動作主]の働きかけで)　[1=人]または[1]の身体部分が細い状態　になる"
287,"（[動作主]の働きかけで）　[1=人]または[1]の身体部分が細い状態　になる"
288,"([動作主]の働きかけで)　[1=人]の態度が変化した状態　になる"
289,"（[動作主]の働きかけで）　[1=人]の態度が変化した状態　になる"
290,"（[動作主]の働きかけで）　[1=人]の表情が変化した状態　になる"
291,"（[動作主]の働きかけで）　[1=人]の表情が表面に現れた状態　になる"
292,"([動作主]の働きかけで)　[1=人]の表情が表面に現れた状態　になる"
293,"([動作主]の働きかけで)　[1=人]に欲求が沸き起こり　[1=人]が身体的変化を知覚した状態　になる"
294,"（[動作主]の働きかけで）　[1=人]に欲求が沸き起こり　[1=人]が身体的変化を知覚した状態　になる"
295,"[1]が人にとって　[2=(感情|欲求)]を起こさせる　性質を持つ"
296,"（[動作主]の働きかけで）　[1=人]が精神が正常ではない状態　になる"
297,"（[動作主]の働きかけで）　[1=人]に（正常な）意識がある状態　になる"
298,"（[動作主]の働きかけで）　[1=人]に意識がない状態　になる"
299,"([動作主]の働きかけで)　[1=人]の感情が変化した状態　になる"
300,"([動作主]の働きかけで)　[1=人]に意識がない状態　になる"
301,"([動作主]の働きかけで)　([1]が起きて)　[1=人]に意識がある状態　になる"
302,"（[動作主]の働きかけで）　（[1]が起きて）　[1=人]に意識がある状態　になる"
303,"([動作主]の働きかけで)　([1]が眠りについて)　[1]が意識を失った状態　になる"
304,"（[動作主]の働きかけで）　（[1]が眠りについて）　[1]が意識を失った状態　になる"
305,"（[動作主]の働きかけで）　[1=人]の感情が変化した状態　になる"
306,"（[動作主]の働きかけで）　（[2=気持ち、心]そのものが変化し）　[1=人]の感情が変化した状態　になる"
307,"（[動作主]の働きかけで）　[1=[動作主]]の感情が変化した状態　になる"
308,"（[動作主]の働きかけで）　（[2=感情]そのものが消滅し）　[1=人]が[2]の感情を持っていない状態　になる"
309,"（[動作主]の働きかけで）　（[2=感情]そのものが変化し）　[1=人]の感情が変化した状態　になる"
310,"([動作主]の働きかけで)　([2=感情]そのものが変化し)　[1=人]の感情が変化した状態　になる"
311,"([動作主]の働きかけで)　([2=感情]そのものが発生し)　[1=人]が[2]の感情を持っている状態　になる"
312,"[1]が[2]にとって　興味を引く　性質を持つ"
313,"([動作主]の働きかけで)　[1]の考え方や思想が改められた状態　になる"
314,"（[動作主]の働きかけで）　[1]の考え方や思想が改められた状態　になる"
315,"（[動作主]の働きかけで）　[1]が関心を持っている対象が[変化先]に変化した状態　になる"
316,"([動作主]の働きかけで)　([1]が本心を自覚し)　[1]の考え方や思想が改められた状態　になる"
317,"（[動作主]の働きかけで）　（[1]が本心を自覚し）　[1]の考え方や思想が改められた状態　になる"
318,"（[動作主]の働きかけで）　[1]の考え方や思想が汚い状態　になる"
319,"([動作主]の働きかけで)　([1]が他人や対象から影響を受け)　[1]の考え方や思想を改められた状態　になる"
320,"（[動作主]の働きかけで）　（[1]が他人や対象から影響を受け）　[1]の考え方や思想を改められた状態　になる"
321,"（[動作主]の働きかけで）　[1=人]が（[2=対象]｜[2=動作]をすること）に慣れた状態　になる"
322,"([動作主]の働きかけで)　[1=人]が([2=対象]|[2=動作]をすること)に慣れた状態　になる"
323,"([動作主]の働きかけで)　[1=人]が[2]を身につけた状態　になる"
324,"（[動作主]の働きかけで）　[1=人]が[2]を身につけた状態　になる"
325,"（[動作主]の働きかけで）　[1]が持つ性格・特性が変化した状態　になる"
326,"([動作主]の働きかけで)　[1=人]の能力が上がった状態　になる"
327,"（[動作主]の働きかけで）　[1=人]の能力が上がった状態　になる"
328,"（[動作主]の働きかけで）　[1=人]の能力が落ちた状態　になる"
329,"（[動作主]の働きかけで）　[1=人]が判断能力を失った状態　になる"
330,"([動作主]の働きかけで)　[1=人]が判断能力を失った状態　になる"
331,"（[動作主]の働きかけで）　（[1]が[2]に受かった事で）　[1]が資格を得た状態　になる"
332,"([動作主]の働きかけで)　([1]が[2]に受かった事で)　[1]が資格を得た状態　になる"
333,"（[動作主]の働きかけで）　（[1]が[2]に落ちた事で）　[1]が資格を得た状態　になる"
334,"（[動作主]の働きかけで）　[1]の印象が変化する"
335,"（[動作主]の働きかけで）　[1]が社会的に成功した状態　になる"
336,"([動作主]の働きかけで)　[1]が社会的に成功した状態　になる"
337,"（[動作主]の働きかけで）　[1]の社会的な位置づけが変化する"
338,"([動作主]の働きかけで)　[1]が社会的に脱落した状態　になる"
339,"（[動作主]の働きかけで）　[1]が社会的に脱落した状態　になる"
340,"([動作主]の働きかけで)　([1]が[2]に異動し)　[1]が[2]に所属している状態　になる"
341,"（[動作主]の働きかけで）　（[1]が[2]に異動し）　[1]が[2]に所属している状態　になる"
342,"（[動作主]の働きかけで）　（[1]が[2]に降格し）　[1]が[2]に所属している状態　になる"
343,"([動作主]の働きかけで)　([1]が[2]に昇格し)　[1]が[2]に所属している状態　になる"
344,"（[動作主]の働きかけで）　（[1]が[2]に昇格し）　[1]が[2]に所属している状態　になる"
345,"（[動作主]の働きかけで）　（[1]が落第し）　[1]が今までと同じ位置に所属している状態　になる"
346,"（[動作主]の働きかけで）　（[1]が[2]から引退し）　[1]が[2]に所属していない状態　になる"
347,"([動作主]の働きかけで)　([1]が[2]から引退し)　[1]が[2]に所属していない状態　になる"
348,"([動作主]の働きかけで)　([1]が[2=(役割|団体)]に着任し)　[1]が([2]の位置にいる|[2]に所属している)状態　になる"
349,"（[動作主]の働きかけで）　（[1]が[2=（役割｜団体）]に着任し）　[1]が（[2]の位置にいる｜[2]に所属している）状態　になる"
350,"([動作主]の働きかけで)　[1=人]の[2=願い、頼みなど]が人に受け入れられた状態　になる"
351,"（[動作主]の働きかけで）　[1]が[2=動作]を行う許可を人に与えられた状態　になる"
352,"([動作主]の働きかけで)　[1]が[2=動作]を行う許可を人に与えられた状態　になる"
353,"（[動作主]の働きかけで）　[1]が[2=動作]を行うことを人に禁止された状態　になる"
354,"（[動作主]の働きかけで）　[1=人]の[2=願い、頼みなど]が人に受け入れられていない状態　になる"
355,"（[動作主]の働きかけで）　[1=人]の[2=願い、頼みなど]が人に受け入れられた状態　になる"
356,"([動作主]の働きかけで)　([1=人]が[2=(動作|責任|役割)]を請け負い)　[1]が[2]に対する責任を負っている状態　になる"
357,"([動作主]の働きかけで)　([1=人]が[2=動作]を請け負うことを拒否し)　[1]が[2]に対する責任を負っていない状態　になる"
358,"（[動作主]の働きかけで）　（[1=人]が[2=動作]を請け負うことを拒否し）　[1]が[2]に対する責任を負っていない状態　になる"
359,"（[動作主]の働きかけで）　（[1=人]が[2=（動作｜責任｜役割）]を請け負い）　[1]が[2]に対する責任を負っている状態　になる"
360,"[1]が[2=動作]を行う"
361,"（[動作主]の働きかけで）　（[1=人]の[2=（動作｜責任｜役割）]が免除され）　[1]が[2]に対する責任を負っていない状態　になる"
362,"（[動作主]の働きかけで）　（[1=人]の[2=（罪｜問題のある動作）]が赦され）　[1]が[2]に対する責任を負っていない状態　になる"
363,"([動作主]の働きかけで)　([1=人]の[2=(罪|問題のある動作)]が赦され)　[1]が[2]に対する責任を負っていない状態　になる"
364,"（[動作主]の働きかけで）　（[1=人]が暇な状態　になる"
365,"([動作主]の働きかけで)　([1=人]が暇な状態　になる"
366,"（[動作主]の働きかけで）　（[1=人]が[2=状況]に陥り）　[1]が[2]の状況下にある状態　になる"
367,"([動作主]の働きかけで)　([1=人]が[2=状況]に陥り)　[1]が[2]の状況下にある状態　になる"
368,"（[動作主]の働きかけで）　（[1=人]が[2=状況]に身を置き）　[1]が[2]の状況下にある状態　になる"
369,"([動作主]の働きかけで)　([1=人]が[2=危険な状況]から救出され)　[1]が[2]の状況下にいない状態　になる"
370,"（[動作主]の働きかけで）　（[1=人]が[2=危険な状況]から救出され）　[1]が[2]の状況下にいない状態　になる"
371,"（[動作主]の働きかけで）　（[1=人]が[2=状況]に直面し）　[1]が[2]の状況下にある状態　になる"
372,"（[動作主]の働きかけで）　（[2=状況]が到来し）　[1]が[2]の状況下にある状態　になる"
373,"([動作主]の働きかけで)　([2=状況]が到来し)　[1]が[2]の状況下にある状態　になる"
374,"（[動作主]の働きかけで）　（[1=人]が[2=危険な状況]を乗り越え）　[1]が[2]の状況下にいない状態　になる"
375,"（[動作主]の働きかけで）　（[1]が[2]を（諦めた｜観念した）ことで）　[1]の頭の中で([2]が無理である｜[2]が避けられない）という判断が定まった状態　になる"
376,"([動作主]の働きかけで)　([1]が[2]を決心したことで)　[1]の頭の中で[2]が定まった状態　になる"
377,"（[動作主]の働きかけで）　（[1]が[2]を決心したことで）　[1]の頭の中で[2]が定まった状態　になる"
378,"([動作主]の働きかけで)　([1]が[2]を仮定したことで)　[1]の頭の中で[2]が定まった状態　になる"
379,"（[動作主]の働きかけで）　（[1]が[2]を仮定したことで）　[1]の頭の中で[2]が定まった状態　になる"
380,"（[動作主]の働きかけで）　（[1]が[2]が正しいかどうかを確かめることで）　[1]の頭の中で[2]が定まった状態　になる"
381,"([動作主]の働きかけで)　([1]が[2]が正しいかどうかを確かめることで)　[1]の頭の中で[2]が定まった状態　になる"
382,"([動作主]の働きかけで)　([1]が[2]を誤って認識することで)　[1]の頭の中で真実とは異なる[2]が定まった状態　になる"
383,"（[動作主]の働きかけで）　（[1]が[2]を誤って認識することで）　[1]の頭の中で真実とは異なる[2]が定まった状態　になる"
384,"（[動作主]の働きかけで）　（[1]が[2]と[3]を誤って判別することで）　[1]の頭の中で正確に[2]と[3]の区別がついていない状態　になる"
385,"([動作主]の働きかけで)　([1]が[2]を評価することで)　[1]の頭の中で[2]に対する評価が定まった状態　になる"
386,"（[動作主]の働きかけで）　（[1]が[2]を評価することで）　[1]の頭の中で[2]に対する評価が定まった状態　になる"
387,"（[動作主]の働きかけで）　（[1]が[2]を認識することで）　[1]の頭の中で[2]が定まった状態　になる"
388,"（[動作主]の働きかけで）　（[1]が[2]と[3]判別することで）　[1]の頭の中で正確に[2]と[3]の区別がついている状態　になる"
389,"([動作主]の働きかけで)　([1]が[2]を予測、推測したことで)　[1]の頭の中で[2]が定まった状態　になる"
390,"（[動作主]の働きかけで）　（[1]が[2]を予測、推測したことで）　[1]の頭の中で[2]が定まった状態　になる"
391,"（[動作主]の働きかけで）　[1]が開いた状態　になる"
392,"([動作主]の働きかけで)　[1]が開いた状態　になる"
393,"（[動作主]の働きかけで）　[1]が（開いた｜閉まった）状態　になる"
394,"([動作主]の働きかけで)　[1]が閉まった状態　になる"
395,"（[動作主]の働きかけで）　[1]が閉まった状態　になる"
396,"（[動作主]の働きかけで）　[1]が混ざって均一になった状態　になる"
397,"([動作主]の働きかけで)　[1]が混ざって均一になった状態　になる"
398,"（[動作主]の働きかけで）　[1]がいくつかに分かれた状態　になる"
399,"([動作主]の働きかけで)　[1]がいくつかに分かれた状態　になる"
400,"（[動作主]の働きかけで）　[1]が耕された状態　になる"
401,"（[動作主]の働きかけで）　[1]の形が崩れた状態　になる"
402,"([動作主]の働きかけで)　[1]の形が崩れた状態　になる"
403,"（[動作主]の働きかけで）　[1]の形状が変化する"
404,"([動作主]の働きかけで)　[1]が物理的に整った状態　になる"
405,"（[動作主]の働きかけで）　[1]が物理的に整った状態　になる"
406,"（[動作主]の働きかけで）　[1]が物理的に整っていない状態　になる"
407,"（[動作主]の働きかけで）　[1]が小さくなった状態　になる"
408,"（[動作主]の働きかけで）　[1]が広がった状態　になる"
409,"（[動作主]の働きかけで）　[1]の輪郭がはっきりした状態　になる"
410,"（[動作主]の働きかけで）　[1]の輪郭がぼやけた状態　になる"
411,"([動作主]の働きかけで)　[1]の輪郭がぼやけた状態　になる"
412,"（[動作主]の働きかけで）　[1]がまっすぐな状態　になる"
413,"([動作主]の働きかけで)　[1]がまっすぐな状態　になる"
414,"([動作主]の働きかけで)　[1]が曲がった状態　になる"
415,"（[動作主]の働きかけで）　[1]が曲がった状態　になる"
416,"([動作主]の働きかけで)　[1]が結ばれた状態　になる"
417,"（[動作主]の働きかけで）　[1]が結ばれた状態　になる"
418,"([動作主]の働きかけで)　[1=結ばれていたもの]が解けた状態　になる"
419,"（[動作主]の働きかけで）　[1]が物理的な変化をする"
420,"（[動作主]の働きかけで）　[1]が裏返った状態　になる"
421,"([動作主]の働きかけで)　[1]が裏返った状態　になる"
422,"（[動作主]の働きかけで）　[1]が起きた状態　になる"
423,"（[動作主]の働きかけで）　[1]が傾いた状態　になる"
424,"([動作主]の働きかけで)　[1]が倒れた状態　になる"
425,"（[動作主]の働きかけで）　[1]が[2=方向]を向いた状態　になる"
426,"([動作主]の働きかけで)　[1]が[2=方向]を向いた状態　になる"
427,"（[動作主]の働きかけで）　[1]が汚れた状態　になる"
428,"([動作主]の働きかけで)　[1]が綺麗な状態　になる"
429,"([動作主]の働きかけで)　([1]を彫ったり、磨いたりすることで)　[1]の表面が変化する"
430,"（[動作主]の働きかけで）　[1]の色が[2]である状態　になる"
431,"([動作主]の働きかけで)　[1]の色が[2]である状態　になる"
432,"([動作主]の働きかけで)　[1]が水分を取り除かれた状態　になる"
433,"（[動作主]の働きかけで）　[1]が水分を取り除かれた状態　になる"
434,"（[動作主]の働きかけで）　[1]が水分を含んだ状態　になる"
435,"（[動作主]の働きかけで）　[1]が液体の状態　になる"
436,"（[動作主]の働きかけで）　[1]が気体の状態　になる"
437,"（[動作主]の働きかけで）　[1]が固体の状態　になる"
438,"（[動作主]の働きかけで）　[1]が（固まって）硬い状態　になる"
439,"（[動作主]の働きかけで）　[1]が軟らかい状態　になる"
440,"([動作主]の働きかけで)　[1]が軟らかい状態　になる"
441,"（[動作主]の働きかけで）　[1]が科学的に変化した状態　になる"
442,"([動作主]の働きかけで)　[1]が科学的に変化した状態　になる"
443,"（[動作主]の働きかけで）　[1]と[2]の接触の頻度が少ない状態　になる"
444,"([動作主]の働きかけで)　[1]が(多い|少ない)状態　になる"
445,"([動作主]の働きかけで)　[1]が多い状態　になる"
446,"（[動作主]の働きかけで）　[1]が多い状態　になる"
447,"([動作主]の働きかけで)　[1]が少ない状態　になる"
448,"（[動作主]の働きかけで）　[1]が少ない状態　になる"
449,"（[動作主]の働きかけで）　[1]が大きい状態　になる"
450,"([動作主]の働きかけで)　[1]が大きい状態　になる"
451,"（[動作主]の働きかけで）　[1]が（大きい｜小さい）状態　になる"
452,"（[動作主]の働きかけで）　[1]が小さい状態　になる"
453,"（[動作主]の働きかけで）　[1]が物理的に高い状態　になる"
454,"（[動作主]の働きかけで）　[1]の程度や水準が高い状態　になる"
455,"([動作主]の働きかけで)　[1]の程度や水準が高い状態　になる"
456,"（[動作主]の働きかけで）　[1]の程度や水準が低い状態　になる"
457,"([動作主]の働きかけで)　[1]の値段が高い状態　になる"
458,"（[動作主]の働きかけで）　[1]の値段が高い状態　になる"
459,"（[動作主]の働きかけで）　[1]の値段が低い状態　になる"
460,"([動作主]の働きかけで)　[1]の値段が低い状態　になる"
461,"([動作主]の働きかけで)　[1]の長さや時間が長い状態　になる"
462,"（[動作主]の働きかけで）　[1]の長さや時間が短い状態　になる"
463,"（[動作主]の働きかけで）　[1]が強い状態　になる"
464,"（[動作主]の働きかけで）　[1]が遅い状態　になる"
465,"([動作主]の働きかけで)　[1]が遅い状態　になる"
466,"（[動作主]の働きかけで）　[1]が（速い｜遅い）状態　になる"
467,"（[動作主]の働きかけで）　[1]が速い状態　になる"
468,"([動作主]の働きかけで)　[1]が速い状態　になる"
469,"（[動作主]の働きかけで）　[1]が狭い状態　になる"
470,"（[動作主]の働きかけで）　[1]が広い状態　になる"
471,"（[動作主]の働きかけで）　[1]の温度が高い状態　になる"
472,"（[動作主]の働きかけで）　[1]の温度が低い状態　になる"
473,"([動作主]の働きかけで)　[1]が強い状態　になる"
474,"（[動作主]の働きかけで）　[1]が弱い状態　になる"
475,"（[動作主]の働きかけで）　[1]が薄い状態　になる"
476,"([動作主]の働きかけで)　[1]が薄い状態　になる"
477,"（[動作主]の働きかけで）　[1]が濃い状態　になる"
478,"（[動作主]の働きかけで）　（[1]が人に認められて）　[1]が入選した状態　になる"
479,"（[動作主]の働きかけで）　（[1]が人に認められず）　[1]が入選しない状態　になる"
480,"([動作主]の働きかけで)　[1]が定まった状態　になる"
481,"（[動作主]の働きかけで）　[1]が定まった状態　になる"
482,"（[動作主]の働きかけで）　（[1]が誤って判定され）　[1]の（評価｜判定内容）が定まった状態　になる"
483,"（[動作主]の働きかけで）　（[1]がある物事にふさわしいと判断され）　[1]が選択された状態　になる"
484,"([動作主]の働きかけで)　([1]がある物事にふさわしいと判断され)　[1]が選択された状態　になる"
485,"（[動作主]の働きかけで）　[1]が共通の特徴を持つグループに分類された状態　になる"
486,"([動作主]の働きかけで)　[1]が共通の特徴を持つグループに分類された状態　になる"
487,"（[動作主]の働きかけで）　[1]が（[2]であると）（定義された｜決められた）状態　になる"
488,"（[動作主]の働きかけで）　（[1]を[2]と呼ぶと｜[1]の呼び方が）決められた状態　になる"
489,"([動作主]の働きかけで)　([1]を[2]と呼ぶと|[1]の呼び方が)決められた状態　になる"
490,"([動作主]の働きかけで)　([1]が判定され)　[1]の(評価|判定内容)が定まった状態　になる"
491,"（[動作主]の働きかけで）　（[1]が判定され）　[1]の（評価｜判定内容）が定まった状態　になる"
492,"([動作主]の働きかけで)　[1=知られていなかったこと]が社会的に明らかな状態　になる"
493,"（[動作主]の働きかけで）　[1=知られていなかったこと]が社会的に明らかな状態　になる"
494,"（[動作主]の働きかけで）　[1]が真実であることが（証拠などにより）社会的に明らかな状態　になる"
495,"（[動作主]の働きかけで）　[1]が社会的に明らかな状態　になる"
496,"([動作主]の働きかけで)　[1]が社会的に明らかな状態　になる"
497,"（[動作主]の働きかけで）　[1]の機能が良い状態　になる"
498,"([動作主]の働きかけで)　[1]の機能が(損なわれた|劣化した)状態　になる"
499,"（[動作主]の働きかけで）　[1]の機能が（損なわれた｜劣化した）状態　になる"
500,"([動作主]の働きかけで)　[1=対象]がそれに対して[2=動作]をするのが易しい状態　になる"
501,"（[動作主]の働きかけで）　([1=対象]に対して)[2=動作]をするのが易しい状態　になる"
502,"（[動作主]の働きかけで）　（[1]が開放され）　[1]を使用する制限や制約が取り除かれた状態　になる"
503,"([動作主]の働きかけで)　([1]が開放され)　[1]を使用する制限や制約が取り除かれた状態　になる"
504,"（[動作主]の働きかけで）　[1]に（人が使用する際に役立つ）機能を付いた状態　になる"
505,"([動作主]の働きかけで)　[1]に(人が使用する際に役立つ)機能を付いた状態　になる"
506,"（[動作主]の働きかけで）　[1]に（税｜保険）が掛けられている状態　になる"
507,"（[動作主]の働きかけで）　[1]に（税｜保険）が掛けられていない状態　になる"
508,"([動作主]の働きかけで)　[1]が([範囲]|[期限])で制限された状態　になる"
509,"（[動作主]の働きかけで）　[1]が（[範囲]｜[期限]）で制限された状態　になる"
510,"([動作主]の働きかけで)　[1]が(良い方向に|都合が良いように)変化した状態　になる"
511,"（[動作主]の働きかけで）　[1]が（良い方向に｜都合が良いように）変化した状態　になる"
512,"([動作主]の働きかけで)　([1]を開発することで)　[1]が(良い方向に|都合が良いように)変化した状態　になる"
513,"（[動作主]の働きかけで）　（[1]を開発することで）　[1]が（良い方向に｜都合が良いように）変化した状態　になる"
514,"([動作主]の働きかけで)　([1]の悪い部分を修正することで)　[1]が(良い方向に|都合が良いように)変化した状態　になる"
515,"（[動作主]の働きかけで）　（[1]の悪い部分を修正することで）　[1]が（良い方向に｜都合が良いように）変化した状態　になる"
516,"([動作主]の働きかけで)　([1]の不適当な部分を調整することで)　[1]が(良い方向に|都合が良いように)変化した状態　になる"
517,"（[動作主]の働きかけで）　（[1]の不適当な部分を調整することで）　[1]が（良い方向に｜都合が良いように）変化した状態　になる"
518,"([動作主]の働きかけで)　[1=問題]に結末がついた状態　になる"
519,"（[動作主]の働きかけで）　[1=問題]に結末がついた状態　になる"
520,"([動作主]の働きかけで)　[1=問題]が何らかの対処をされた状態　になる"
521,"（[動作主]の働きかけで）　[1=問題]が何らかの対処をされた状態　になる"
522,"([動作主]の働きかけで)　([1]が始まり)　[1]が行われている状態　になる"
523,"（[動作主]の働きかけで）　（[1]が始まり）　[1]が行われている状態　になる"
524,"([動作主]の働きかけで)　([1]が終わり)　[1]が行われていない状態　になる"
525,"([動作主]の働きかけで)　([1]が中断され)　[1]が行われていない状態　になる"
526,"（[動作主]の働きかけで）　（[1]が中断され）　[1]が行われていない状態　になる"
527,"（[動作主]の働きかけで）　（[1]が停止され）　[1]が行われていない状態　になる"
528,"([動作主]の働きかけで)　([1]が停止され)　[1]が行われていない状態　になる"
529,"([動作主]の働きかけで)　([1]が退歩し)　[1]が以前の状態　になる"
530,"([動作主]の働きかけで)　([1]が進行し)　[1]が進んだ状態　になる"
531,"（[動作主]の働きかけで）　（[1]が進行し）　[1]が進んだ状態　になる"
532,"([動作主]の働きかけで)　([1]が(程度が高い段階に)進行し)　[1]が進んだ状態　になる"
533,"（[動作主]の働きかけで）　（[1]が（程度が高い段階に）進行し）　[1]が進んだ状態　になる"
534,"([動作主]の働きかけで)　[1]が進まない状態　になる"
535,"（[動作主]の働きかけで）　[1]が進まない状態　になる"
536,"（[動作主]の働きかけで）　[1]が解決のつかないまま次の段階に以降した状態　になる"
537,"（[動作主]の働きかけで）　[1]が不安定な状態　になる"
538,"([動作主]の働きかけで)　[1]が不安定な状態　になる"
539,"（[1]が無くなる｜[1]に関して悪いことが起こる）可能性がある状態　である"
540,"([動作主]の働きかけで)　[1]が安定した状態　になる"
541,"（[動作主]の働きかけで）　[1]が安定した状態　になる"
542,"([動作主]の働きかけで)　[1]が変動している状態　になる"
543,"（[動作主]の働きかけで）　[1]が変動している状態　である"
544,"（[動作主]の働きかけで）　[1]（の勢い）が衰えた状態　になる"
545,"([動作主]の働きかけで)　[1]が栄えた状態　になる"
546,"（[動作主]の働きかけで）　[1]が栄えた状態　になる"
547,"（[動作主]の働きかけで）　[1]が好ましくない状況　になる"
548,"([動作主]の働きかけで)　[1]が悪い状態　になる"
549,"（[動作主]の働きかけで）　[1]が好ましい状況　になる"
550,"（[動作主]の働きかけで） [1]が([2=場所]に)密な状態　になる"
551,"([動作主]の働きかけで)　[1]が混雑した状態　になる"
552,"（[動作主]の働きかけで）　[1=（場｜人）]が騒がしい状態　になる"
553,"（[動作主]の働きかけで）　[1=（場｜人）]が静かな状態　になる"
554,"（[動作主]の働きかけで）　[1]が明るい状態　になる"
555,"([動作主]の働きかけで)　[1]が暗い状態　になる"
556,"（[動作主]の働きかけで）　[1]が暗い状態　になる"
557,"（[動作主]の働きかけで）　[1]の様子、様相が変化した状態　になる"
558,"([動作主]の働きかけで)　[1]の様子、様相が変化した状態　になる"
559,"([動作主]の働きかけで)　([1=時]が終わって)　[1=時]ではない状態　になる"
560,"（[1=時]が終わって）　[1=時]ではない状態　になる"
561,"（[1=期間、期限]を過ごして）　[1=時]ではない状態　になる"
562,"([動作主]の働きかけで)　[1=期間]が経過した状態　になる"
563,"[1=期間]が経過した状態　になる"
564,"[1=季節、年代]が推移した状態　になる"
565,"([動作主]の働きかけで)　[1=季節、年代]が推移した状態　になる"
566,"([動作主]の働きかけで)　[1=時期]が接近して　[1=時]に近い状態　になる"
567,"[1=時期]が接近して　[1=時]に近い状態　になる"
568,"[1=時期]が到来して　[1=時]にある状態　になる"
569,"([動作主]の働きかけで)　[1=時期]が到来して　[1=時]にある状態　になる"
570,"（[動作主]の働きかけで）　（[1]｜想定された場所）での天候が変化した状態　になる"
571,"([動作主]の働きかけで)　([1]|想定された場所)での天候が変化した状態　になる"
572,"([動作主]の働きかけで)　[1]が[2]の状態　になる"
573,"（[動作主]の働きかけで）　[1]が[2]の状態　になる"
574,"（[動作主]の働きかけで）　[1]が変化して[2=程度]に達した状態　になる"
575,"([動作主]の働きかけで)　[1]が([変化前]から[変化先]に)変化した状態　になる"
576,"（[動作主]の働きかけで）　[1]が（[変化前]から[変化先]に）変化した状態　になる"
577,"([動作主]の働きかけで)　[1]と[2]が交換された状態　になる"
578,"（[動作主]の働きかけで）　[1]が[1]のより（新しい｜若い）ものに入れ替わった状態　になる"
579,"([動作主]の働きかけで)　[1]が[1]のより(新しい|若い)ものに入れ替わった状態　になる"
580,"（[動作主]の働きかけで）　[1]が（悪い状態から）もとの（良い）状態に戻った状態　になる"
581,"([動作主]の働きかけで)　[1]が使用するのに整えられた状態　になる"
582,"（[動作主]の働きかけで）　[1]が使用するのに整えられた状態　になる"
583,"([動作主]の働きかけで)　[1]が何らかの影響を受けた状態　になる"
584,"（[動作主]の働きかけで）　[1]が何らかの影響を受けた状態　になる"
585,"([動作主]の働きかけで)　[1]が何らかの被害を受けた状態　になる"
586,"（[動作主]の働きかけで）　[1]が何らかの被害を受けた状態　になる"
587,"([動作主]の働きかけで)　ある時間的限界点の後にも[1]が存在している状態　である"
588,"（[動作主]の働きかけで）　ある時間的限界点の後にも[1]が存在していている状態　である"
589,"（[動作主]の働きかけで）　[1]に何らかの変化が起きた状態　になる"
590,"（[動作主]の働きかけで）　[1]が論理的に筋が通っていない状態　になる"
591,"（[動作主]の働きかけで）　[1]が論理的に筋が通った状態　になる"
592,"([動作主]の働きかけで)　[1]に何らかの変化が起きた状態　になる"
593,"[1]が（一周して｜往復して）もとの地点にもどる"
594,"[1]が行ったり来たりする"
595,"[1]が[着点]へ行く動作を習慣的に行う"
596,"[1]が習慣的に[着点]へ行く"
597,"[1]が[場所]の内部をあちこち移動する"
598,"[1]が離陸したり着陸したりする"
599,"[1]が[2]と[3]の間で貸し借りされ　[2][3]間を移動する"
600,"[1]が[2]と[3]の間でやりとりされ　[2][3]間を移動する"
601,"[1]が[2]に集配され　[2]とそれ以外の地点間を移動する"
602,"[1]が[2]と[3]の間で売買され　[2][3]間を移動する"
603,"[1=情報]が[2]と[3]が会話をすることにより　[2][3]間を移動する"
604,"[1=情報]が[2]と[3]が議論をすることにより　[2][3]間を移動する"
605,"[1=情報]が[2]と[3]が交渉をすることにより　[2][3]間を移動する"
606,"[1=情報]が[2]と[3]が口論をすることにより　[2][3]間を移動する"
607,"[1]と[2]が一緒にある動作を行う"
608,"[1]と[2]が互いにある動作を行う"
609,"[1]と[2]が対面する"
610,"[1]と[2]が一人では行えない動作を行う"
611,"[1]と[2]が別々にある動作を行う"
612,"[1=物]が[2=人]（の身に）についている"
613,"[1=物]が[2=人](の身に)についている"
614,"[1]が[2]に従って動作を行う"
615,"[1]が[2]に反して動作を行う"
616,"[1]が[2]に似せて動作を行う"
617,"[1]が課された義務に従って動作を行う"
618,"[1]が[2]より優位な状態になろうとして　動作を行う"
619,"[1]が[2]にはむかう"
620,"[1]が[2]に暴力を加える"
621,"[1]が[2]についての情報を得ようと　確認を行う"
622,"[1]が[2]についての情報を得ようと　　計測を行う"
623,"[1]が[2]についての情報を得ようと　　試しの動作を行う"
624,"[1]が[2]についての情報を得ようと　　調査を行う"
625,"[1]が[2]を見つけ出したりとらえたりしようと　動作を行う"
626,"[1]が[2]についてなんらかの感覚器を用いて知覚動作を行う"
627,"[1]が[2]について視覚を用いて知覚動作を行う"
628,"[1]が[2]について嗅覚を用いて知覚動作を行う"
629,"[1]が[2]について知覚動作を行う"
630,"[1]が[2]について知覚動作を行い　[2]の内容を味わう"
631,"[1]が[2]について聴覚を用いて知覚動作を行う"
632,"[1]が[2]について心にとめる"
633,"[1]が[2]についての内容を把握、改善しようと　[2]について思考動作をする"
634,"[1]が[2]を想像する"
635,"[1]が[2]についての内容を把握しようと　読書を行う"
636,"[1]が[2]と[3]についての内容を把握しようと　[2]と[3]を比較する"
637,"[1=人]が[2]を経験し　（[1=人]が[2]を身につけた状態　になる）"
638,"[1=人]が[2]を経験し　([1=人]が[2]を身につけた状態　になる)"
639,"[1=人]が[2]を身につける為　動作を行う"
640,"[動作主]が[1=人]に何かを身につけさせる為　[1]に働きかける動作を行う"
641,"[1=人]が[2]を突破しようとして　動作を行う"
642,"[1]が[2]の状況から脱出しようとして　動作を行う"
643,"[1]が[2]を克服しようとして　動作を行う"
644,"[1=人]が[2]が推し進められるように　動作を行う"
645,"[1=人]が[2=人]に動作をさせる為　[2]を勧誘する"
646,"[1=人]が[2=人]から情報を取得する為　[2]に質問する"
647,"[1=人]が[2=人]に動作を促す為　[2]に依頼・要求をする"
648,"[1=人]が[2=人]に動作を促す為　[2]に命令・指令をする"
649,"[1=人]が[2=人]に助けてもらう為　[2]に依存する"
650,"[1=人]が[2=人]に動作をさせる為　[2]を誘惑する"
651,"[1=人]が[2=人]に動作を促す為　[2]に干渉する"
652,"[1]が[2]を利用する"
653,"[1=人]が[2=人]に動作を促す為　[2]に強制する"
654,"[1=人]が[2=人]に動作を促す為　[2]に脅迫する"
655,"[1=人]が[2=人]に動作を促す為　[2]に注意する"
656,"[1=人]が[2=人]に対して[2]にとって迷惑な動作をする"
657,"[1=人]が[2=人]を(適切な態度で)扱う"
658,"[1=人]が[2=人]を（適切な態度で）扱う"
659,"[1=人]が（[2=人]が動作｜[2=動作]）をするにあたって　[2]を助ける"
660,"[1=人]が([2=人]が動作|[2=動作])をするにあたって　[2]を助ける"
661,"[1=人]が他者が争っている状況あたって　その解決を助ける"
662,"[1=人]が[2=人]が生活をしていくにあたって　[2]を助ける"
663,"[1=人]が[2=人]に（適切な態度で）接する"
664,"[1=人]が[2=人]に(適切な態度で)接する"
665,"[1=人]が[2]に礼をする"
666,"[1=人]が[2=人]に対して相手にそう信じ込ませるような動作をする"
667,"[1=人]が[2=人]に対してある態度(相手をかわいがる態度)をとる"
668,"[1=人]が[2=人]に対してある態度（相手をかわいがる態度）をとる"
669,"[1=人]が[2=人]に対してある態度をとる"
670,"[1=人]が[2=人]に対してある態度（相手にへつらう態度）をとる"
671,"[1=人]が[2=人]に対してある態度（相手を慰める態度）をとる"
672,"[1=人]が[2=人]に対してある態度(相手を慰める態度)をとる"
673,"[1=人]が[2=人]に対してある態度（相手に遠慮する態度）をとる"
674,"[1=人]が[2=人]に対してある態度(相手を苛める態度)をとる"
675,"[1=人]が[2=人]に対してある態度（相手に甘える態度）をとる"
676,"[1=人]が[2=人]に対してある態度(相手に自慢する態度)をとる"
677,"[1=人]が[2=人]に対してある態度（相手を祝福する態度）をとる"
678,"[1=人]が[2=人]に対してある態度(相手を処罰する態度)をとる"
679,"[1=人]が[2=人]に対してある態度（相手を処罰する態度）をとる"
680,"[1=人]が[2=人]に対してある態度(相手を賞賛する態度)をとる"
681,"[1=人]が[2=人]に対してある態度（相手を賞賛する態度）をとる"
682,"[1=人]が[2=人]に対してある態度（相手を賞賛・非難する態度）をとる"
683,"[1=人]が[2=人]に対してある態度（相手を排斥する態度）をとる"
684,"[1=人]が[2=人]に対してある態度（自分を卑下する態度）をとる"
685,"[1=人]が[2=人]に対してある態度（相手を非難する態度）をとる"
686,"[1=人]が[2=人]に対してある態度(相手を非難する態度)をとる"
687,"[1=人]が[2=人]に対してある態度（相手に微笑む態度）をとる"
688,"[1=人]が[2]を無視して　存在しないかのように扱う"
689,"[1=人]が[2]を(適切に)扱う"
690,"[1=人]が[2]を（適切に）扱う"
691,"[1]が[2](に|と)擦れ違う"
692,"[1]が[2](と摩擦する|に押し付けられる)"
693,"[1]が[2]（と摩擦する｜に押し付けられる）"
694,"[1]が[2](と接触する|に触れる)"
695,"[1]が[2]（と接触する｜に触れる）"
696,"([1=人]が他者に見たり聴いたりしてもらう為)　演技をし表現する"
697,"（[1=人]が他者に見たり聴いたりしてもらう為）　演技をし表現する"
698,"（[1=人]が他者に見たり聴いたりしてもらう為）　[2=映画など]を演出し表現する"
699,"([1=人]が他者に見たり聴いたりしてもらう為)　[2=映画など]を上演し表現する"
700,"（[1=人]が他者に見たり聴いたりしてもらう為）　[2=映画など]を上演し表現する"
701,"([1=人]が他者に見たり聴いたりしてもらう為)　[2=楽器、曲など]を演奏し表現する"
702,"（[1=人]が他者に見たり聴いたりしてもらう為）　[2=楽器、曲など]を演奏し表現する"
703,"[1=人]が[2=要望など]を受け　それに応じた動作を行う"
704,"[1=人]が[2]から行為を受け　それに対して復讐をする"
705,"[1=人]が[2]から行為を受け　それに対して報いる動作をする"
706,"[1=人]が（[2]を取得する｜[2]になる）のを希望する"
707,"[1=人]が[2]が起こるのを待つ"
708,"[1]が身体的な動作をする"
709,"[1]が活動・労働をする"
710,"[1]の活動の様子を表す"
711,"[1]が衛生的な活動をする"
712,"[1]が休養する"
713,"[1]が睡眠する"
714,"[1]が生理的な動作をする"
715,"[1]が[場所]に存在している状態　である"
716,"[1]が[場所]に滞在する"
717,"[1]が身体的な運動をする"
718,"[1]が発声する"
719,"[1]が生活する"
720,"[1]が遊ぶ"
721,"[1]が[2]に対し感情を伴った動作を行う"
722,"[1=人]は[2]が好きである"
723,"[1]が[2]を飲食し　体内に取り入れる"
724,"[1]が[2]を吸い込み　体内に取り入れる"
725,"[1]が[2]を服用し　体内に取り入れる"
726,"[1]が行った動作の程度を表す"
727,"[1]が行った動作の様態を表す"
728,"[1]の動作の付帯状況を表す"
729,"[1=表現内容／表現方法]が直接的である"
730,"（[動作主]の働きかけで）　[1]を[2=通過点]を経由して行う"
731,"[1]が[2]の代わりに（役目を果たす｜用いられる）"
732,"[1]が[2]の代わりに(役目を果たす|用いられる)"
733,"[1]が[2=動作]を苦労して行う"
734,"[1]が[2=動作]の遂行に貢献する"
735,"[1]が[2=会など]を行う"
736,"[1]が[2=動作]をある様態で行う"
737,"[1]が[2=動作]を急いで行う"
738,"[1=動作]が[2=動作]に遅れて行われる"
739,"[1=動作]が[2=動作]より先に行われる／[1=人]が[2=動作]を（[3]｜他人）より先に行う"
740,"[1]が[2=動作]を終始・没頭して・徹底して行う"
741,"[1]が[2=動作]を努力して行う"
742,"（[1=人]によって)[2=（動作｜事態）]が反復して（行われる｜起こる）"
743,"（[1=人]によって)[2=（動作｜事態）]が継続して（行われる｜起こる）"
744,"([1=人]によって)[2=(動作|事態)]が継続して(行われる|起こる)"
745,"([1=動作主]によって)[2=動作、過程、目標、課題など]が(最後までやり遂げられる|行き届く)"
746,"（[1=動作主]によって）[2=動作、過程、目標、課題など]が（最後までやり遂げられる｜行き届く）"
747,"[1]が　（[2=人]にとって）　好ましい状況　である"
748,"[1]が結果的に現れる"
749,"[1]が結果的に現実化する"
750,"[1]が結果的に[2=困難]から免れる"
751,"[1]が予期していなかった（好ましくない）動作を行う"
752,"[1=動作]の終了が結果的に予定していた時刻より後になる"
753,"[1=動作]の終了が結果的に予定していた時刻より前になる"
754,"([1=人]の)[2=動作]が結果的に失敗に終わる"
755,"（[1=人]の）[2=動作]が結果的に失敗に終わる"
756,"([1=人]の)[2=動作]が結果的に成功に終わる"
757,"（[1=人]の）[2=動作]が結果的に成功に終わる"
758,"（[1]の予測内容が正しいことが判明し）　（[1=人]の）[2=動作]が結果的に成功に終わる"
759,"([1]の予測内容が正しいことが判明し)　([1=人]の)[2=動作]が結果的に成功に終わる"
760,"([1]が放った[2]が的中し)　([1=人]の)動作が結果的に成功に終わる"
761,"（[1]が放った[2]が的中し）　（[1=人]の）動作が結果的に成功に終わる"
762,"[1]が行う予定であった[2=動作]が実現されずに終わる"
763,"[1]が[2=動作]を行うことを渋り　実行しない"
764,"[1]が[2=動作]を行うことを保留にし　実行しない"
765,"[1]が[2=動作]を行うことを棄権し　実行しない"
766,"[1]が[2=動作]を行うことを意図的に避けて　実行しない"
767,"[1]が([2=動作]を怠り|[2=対象]を放置したままにし)　実行しない"
768,"[1]が（[2=動作]を怠り｜[2=対象]を放置したままにし）　実行しない"
769,"[1]が[2=動作]を防御し　[2]が実行されない"
770,"[1=人]に(感情的な反応が起こり)　非意図的に身体的な反応をする"
771,"[1=人]に（感情的な反応が起こり）　非意図的に身体的な反応をする"
772,"[1=(人|身体部分)]が非意図的に身体的な反応をする"
773,"[1=対象]が(直接的な人からの働きかけなしに)物理的運動をする"
774,"[1=対象]が（直接的な人からの働きかけなしに）物理的運動をする"
775,"[1]が動作を行う"
776,"（[動作主]の働きかけで）　[1]が[2=着点（場所、会、式）]にいる状態　になる"
777,"[1]が[2＝対象]を[1]の思うように動作させる"
778,"[1]が[2＝人]を[1]の思うように動作させる"
779,"[1]と[2]が離れた状態　である"
780,"[1]が[2]の上の方にある状態　である"
781,"[1]が[2]の後ろにある状態　である"
782,"[1]と[2]にが接近した位置にある状態　である"
783,"[1]が[2]に届く位置にある状態　である"
784,"[1]から[2]が見える位置にある状態　である"
785,"[1]が[2]より低くなった状態　である"
786,"[1]が[2]より高くなった状態　である"
787,"[1]と[2]が向き合った状態　である"
788,"[1]と[2]が交差した状態　である"
789,"[1=とがったもの]が[2]に刺さった状態　である"
790,"[1]が[2]を貫いた状態　である"
791,"複数の[1]が[2]に分散した状態　である"
792,"[1]と[2]が接触した状態　である"
793,"[1]と[2]が並んだ状態　である"
794,"[1]が([2]のもと|[2]に所有され[場所])にある状態　である"
795,"[1]が[2]のもとにある状態　になる"
796,"[1=情報]が[2=人]のもとにある状態　になる"
797,"[1]が[2]の次のレベルである状態　である"
798,"[1]が[2]のレベルと同等である状態　である"
799,"[1]が([2]に比べ|[2]の範囲で)優位な状態　である"
800,"[1]が（[2]に比べ｜[2]の範囲で）優位な状態　である"
801,"[1]が([2]に比べ|[2]の範囲で)劣った状態　である"
802,"[1]が（[2]に比べ｜[2]の範囲で）劣った状態　である"
803,"[1]が[2]に服従する関係にある状態　である"
804,"[1]と[2]が結びついた状態　である"
805,"[1]が[2]に関係づけられた状態　である"
806,"[1]が（[2=基準値]｜[2]の（必要量｜限界量））まで満たされていない状態　になる"
807,"[1]が([2=基準値]|[2]の(必要量|限界量))まで満たされていない状態　になる"
808,"[1]が[2]の(必要量|限界量)まで満たされた状態　である"
809,"[1]が[2]の（必要量｜限界量）まで満たされた状態　である"
810,"[1]が[2=基準値]を超過した状態　である"
811,"[1]が[2]に丁度よい大きさに比べて大きい状態　になる"
812,"[1]が[2]の存在のため際立った状態　である"
813,"[1]が[2]に相当する"
814,"[1=（対象｜動作）]が人にとって価値がある状態　である"
815,"[1]と[2]の釣り合いがとれていない状態　である"
816,"[1]と[2]の釣り合いがとれた状態　になる"
817,"[1]が[2]に適合している状態　である"
818,"[1]が[2]と同じ状態　である"
819,"[1]が[2]と異なる状態　である"
820,"[1]が[2]と似ている状態　である"
821,"[1]が[2]に含まれる状態　である"
822,"[1]の範囲が([起点]から[着点]|[領域]|[2])に及んでいる状態　である"
823,"[1]と[2]が結合した状態　である"
824,"[1]と[2]が内容的、時間的に重なっている状態　である"
825,"[1]と[2]があいともなって変わる関係にある状態　である"
826,"[1]が[2]に適合していない状態　である"
827,"[1=人]に（正常な）意識がある状態　である"
828,"[1=人]の身なり　を表す"
829,"[1=人]の身体部分の症状　を表す"
830,"[1=人]の体調を表す"
831,"[1=人]または[1]の身体部分が細い状態　である"
832,"[1=人]の身体部分の形　を表す"
833,"[1=人]または[1]の身体部分が太い状態　である"
834,"[1=人]の態度を表す"
835,"[1=人]の心理的状態を表す"
836,"[1]が関心を持っている対象を表す"
837,"[1=人]が（[2=対象]｜[2=動作]をすること）に慣れた状態　である"
838,"[1]が持つ性格・特性を表す"
839,"[1]が持つ能力を表す"
840,"[1=人]は[2]が嫌いである"
841,"[1]の社会的な位置づけを表す"
842,"[1]が[2]に所属している状態　である"
843,"[1]が[2]をすることが可能な状況下にある状態　になる"
844,"[1]が[2]をすることが不可能な状況下にある状態　になる"
845,"[1]の形状を表す"
846,"[1]が物理的に乱れた状態　である"
847,"[1]が物理的に整っていない状態　である"
848,"[1]が広い状態　である"
849,"[1]が曲がった状態　である"
850,"[1]が逆さまになった状態　である"
851,"[1]が[2=方向]を向いた状態　である"
852,"[1]が科学的に変化した状態　である"
853,"[1]の物理的な状態を表す"
854,"[1=（場｜人）]が静かな状態　である"
855,"[1]の材質を表す"
856,"[1]の性質を表す"
857,"[1]が　偽だ"
858,"（[動作主]の働きかけで）　[1]が論理的に筋が通った状態　である"
859,"[1=文法的な要素、数、数式]の普遍的な性質を表す"
860,"[1]の構成要素は[2]　である"
861,"[1]の範囲は([起点]から[着点]|[範囲])　である"
862,"[1]の範囲が([起点]から[着点]|[2])に及んでいる状態　である"
863,"[1]が（[2]であると）（定義された｜決められた）状態　である"
864,"（[1]を[2]と呼ぶと｜[1]の呼び方が）決められた状態　である"
865,"([1]を[2]と呼ぶと|[1]の呼び方が)決められた状態　である"
866,"[1]が[2]を意味する"
867,"[1]が真実であることが（証拠などにより）社会的に明らかな状態　である"
868,"[1]の機能が良い状態　である"
869,"[1]が必要な状態　である"
870,"[1=対象]がそれに対して[2=動作]をするだけの価値がある状態　である"
871,"[1]が(使用可能である|([用途]などで)有効に利用できる)状態　である"
872,"[1]が（使用可能である｜（[目的]などで）有効に利用できる）状態　である"
873,"[1]が有効に利用できるていない状態　である"
874,"[1]が有効に利用できない状態　である"
875,"[1]が進まない状態　である"
876,"[1]が行われていない状態　である"
877,"[1]が安定した状態　である"
878,"（想定された場所での）天候を表す"
879,"[1]がある情景／様子を表す"
880,"[1]が不安定な状態　である"
881,"[1]が人に　知覚動作（嗅覚）を行わせる　性質を持つ"
882,"[1]の様子、様相を表す"
883,"(想定された場所での)天候を表す"
884,"[1]の状態を表す"
885,"[1]の可能性が　ある"
886,"([動作主]の継続的な働きかけで)　[1]の現状が保たれた状態　が持続する"
887,"（[動作主]の継続的な働きかけで）　[1]の現状が保たれた状態　が持続する"
888,"（[動作主]の継続的な働きかけで）　[1]が（運営｜経営）されている状態　が持続する"
889,"（[動作主]の継続的な働きかけで）　[1]が統治されている状態　が持続する"
890,"（[動作主]の継続的な働きかけで）　[1]が管理されている状態　が持続する"
891,"（[動作主]の継続的な働きかけで）　[1=人、行動など]が規制されている状態　が持続する"
892,"([動作主]の継続的な働きかけで)　[1=人、行動など]が規制されている状態　が持続する"
893,"([動作主]の継続的な働きかけで)　[1]が起こらない状態　が持続する"
894,"（[動作主]の継続的な働きかけで）　[1]が起こらない状態　が持続する"
895,"([動作主]の継続的な働きかけで)　[1]が安全である状態　が持続する"
896,"（[動作主]の継続的な働きかけで）　[1]が安全である状態　が持続する"
897,"([動作主]の継続的な働きかけで)　[1]が[2=動作]することが禁止されている状態　が持続する"
898,"（[動作主]の継続的な働きかけで）　[1=[動作主]の欲望、動作]が抑制されている状態　が持続する"
899,"([動作主]の継続的な働きかけで)　[1=[動作主]の欲望、動作]が抑制されている状態　が持続する"
900,"（[動作主]の継続的な働きかけで）　[1]が[2]を我慢している状態　が持続する"
901,"([動作主]の継続的な働きかけで)　[1]を我慢している状態　が持続する"
902,"（[動作主]の継続的な働きかけで）　[1]が[2=動作]することが禁止されている状態　が持続する"
903,"([動作主]の継続的な働きかけで)　[1]が無駄に使われることが禁止されている状態　が持続する"
904,"（[動作主]の継続的な働きかけで）　[1]が無駄に使われることが禁止されている状態　が持続する"
905,"[1]が社会的に成功した状態　である"
906,"[1]が　（[2=人]にとって）　好ましくない状況　である"
907,"[1]がはっきりしない状態　である"
908,"[1]が　（社会的に好ましくない｜道理に合わない）状態　である"
909,"[1]の色が[2]である状態　である"
910,"[1]の思想を表す"
911,"[1]が明るい状態　である"
912,"[1]の表情を表す"
913,"[1]が　（社会的に好ましい｜道理に合った）状態　である"
914,"[1]について良い状態になる可能性が　高い"
915,"[1]が確実な状態　である"
916,"[1]の程度や水準が高い状態　である"
917,"[1]が[2=身体]に　影響を与える　性質を持つ"
918,"[1]が濃い状態　である"
919,"[1]が社会的に脱落した状態　である"
920,"（[動作主]の働きかけで）　[1]の値段が（高い｜低い）状態　になる"
921,"[1]が開いた状態　である"
922,"[1]の長さや時間が短い状態　である"
923,"[1]が薄い状態　である"
924,"[1]が少ない状態　である"
925,"([1=対象]に対して)[2=動作]をするのが易しい状態　である"
926,"[1]が速い状態　である"
927,"[1]の温度が高い状態　である"
928,"[1]が[2]のもとにたくさんある状態　になる"
929,"（[動作主]の働きかけで）　[1=関係]が親密である状態　になる"
930,"[1]が新しい状態　である"
931,"[1]が　今までのものと異なる状態　である"
932,"[1]が　世間一般と同じ状態　である"
933,"[1]の温度が低い状態　である"
934,"[1]が厚い状態　である"
935,"[1]の程度が激しい状態　である"
936,"[1]が簡素な状態　である"
937,"[1=人]が動作に対して真剣ではない"
938,"（[動作主]の働きかけで）　（[1]が退歩し）　[1]が以前の状態　になる"
939,"[1]の可能性が　低い"
940,"[1]が　（世間一般とは異なる｜[2＝場所]だけにある）状態　である"
941,"[1]が人に　知覚動作（味覚）を行わせる　性質を持つ"
942,"[1]の表現内容を表す"
943,"[1=（対象｜動作）]が人にとって価値がない状態　である"
944,"[1=関係]が親密である状態　である"
945,"[1=（基準｜評価）]が　甘い"
946,"[1]が人にとって重要ではない状態　である"
947,"([1]を締めている[2]|[2]の結び目)が緩んだ状態　である"
948,"[1]が（人間の判断・認識を超え）不思議な状態　である"
949,"[1]について悪い状態になる可能性が　高い"
950,"[1]が確実ではない状態　である"
951,"外部から　[1]が[2（状態）]　であるように見える"
952,"[1]が粗い状態　である"
953,"[1]が([2=場所]に)まばらな状態　である"
954,"[1]が大雑把な状態　である"
955,"（[動作主]の働きかけで）　[1]が複雑な状態　になる"
956,"[1]が弱い状態　である"
957,"（[1=人]が忙しい状態　である"
958,"[1]の値段が安い状態　である"
959,"[1]が暗い状態　である"
960,"（[1]が無くなる｜[1]に関して悪いことが起こる）可能性が少ない状態　である"
961,"[1=経験者]が不幸な状態　である"
962,"[1]が[2]ではない"
963,"([1=対象]に対して)[2=動作]をするのが難しい状態　である"
964,"[1]について意見を求める"
965,"[1]を勧める"
966,"[1]が[2]（に｜と）擦れ違う"
967,"[1]が綺麗な状態　である"
968,"[1=人]が動作に対して積極的である"
969,"[1=人]が　自分の思い通りに　動作を行う"
970,"[1=人]が[2=人]に対してある態度（相手を苛める態度）をとる"
971,"[1=事態]が起こっている期間が一時的である"
972,"[1]がはっきりした状態　である"
973,"[1=人]が動作に対して真剣だ"
974,"（[動作主]の働きかけで）　[1]が[2]で縛られた状態　になる"
975,"[1]が[2（場所、時代など）]風である"
976,"[1]が[2]のもとに少ししかない状態　になる"
977,"[1]が複雑な状態　である"
978,"[1=人]が若々しい状態　である"
979,"[1=人]の動作が十分ではない"
980,"[1]が汚れた状態　である"
981,"[1]と[2]が関係を絶った状態　である"
982,"[1＝経験者]は[2]が得意である"
983,"[1=人]が何度も発話行為を行う"
984,"[1=事態]が起こっている期間が無限である"
985,"[1]が　（[2=人]にとって）　ひどく困難な状況　である"
986,"[1]の進行が望ましい状態　である"
987,"[1]が安定している状態　である"
988,"（[動作主]の働きかけで）　[1]が[2]のレベルと同等である状態　になる"
989,"[1]が多い状態　である"
990,"[1]が大きい状態　である"
991,"[1]の模様を表す"
992,"[1]が[2]より年上の状態　である"
993,"[1]に機能がある状態　である"
994,"[1]と[2]が近い状態　である"
995,"[1]が[2]より時間的に後にある状態　である"
996,"[1]の時期が[2]である"
997,"[1=人]が動作に対して消極的である"
998,"[1=動作]が[2=人]に対して甘い"
999,"[1]が　公的　である"
1000,"[1]が人にとって重要な状態　である"
1001,"[1]が重い状態　である"
1002,"（[動作主]の働きかけで）　[1]が[2]に届く位置にある状態　になる"
1003,"[1]が[2]に関わる様子　である"
1004,"[1]が[2=人]のもとに無い状態　である"
1005,"[1]が人に　知覚動作（視覚）を行わせる　性質を持つ"
1006,"[1]に限界がない状態　である"
1007,"[1]が[2=場所]に存在していない状態　である"
1008,"（[動作主]の働きかけで）　[1]が（多い｜少ない）状態　になる"
1009,"[1=動作]が[2=人]に対して厳しい"
1010,"[1]が水分を取り除かれた状態　である"
1011,"[1]が軟らかい状態　である"
1012,"[2]が[1]を締め付けた状態　である"
1013,"[1]の可能性が　高い"
1014,"[1]が　社会的な規範に合った状態　である"
1015,"[1]が　今までのものと同じ状態　である"
1016,"[1]が([2=場所]に)密な状態　である"
1017,"[1=（基準｜評価）]が　厳しい"
1018,"[1=人]の動作が速い"
1019,"[1]が軽い状態　である"
1020,"[1]が[2]を支配する関係にある状態　である"
1021,"[1＝経験者]は（[2]に対して）容易に屈しない"
1022,"[1=表現内容／表現方法]が間接的である"
1023,"[1]が　社会的な規範から外れた状態　である"
1024,"[1](の将来）について　不明な状態　である"
1025,"[1=事態]が急に起こる"
1026,"[1]の傾きが急　である"
1027,"[1]が最後の段階にある状態　である"
1028,"[1]が狭い状態　である"
1029,"[1]が強い状態　である"
1030,"[1]が物理的に整った状態　である"
1031,"[1]が限界に近い状態　である"
1032,"[1]が水分を含んだ状態　である"
1033,"[1]が具体的　である"
1034,"[1＝経験者]は[2]が得意ではない"
1035,"[1=対象]が詳細　である"
1036,"[1]は費やす（お金｜時間）が少なくて済む"
1037,"[1=人]の人に対する態度を表す"
1038,"[1]が細かい状態　である"
1039,"[1=経験者]が幸せな状態　である"
1040,"[1]の値段が高い状態　である"
1041,"[1]が豪華な状態　である"
1042,"[1]が　私的　である"
1043,"[1]が物理的に高い状態　である"
1044,"[1]が小さい状態　である"
1045,"前回の[1]から長い時間が経過している"
1046,"[1=人]の動作が丁寧である"
1047,"[1=人]が身体的変化を知覚した状態　になる"
1048,"[1=事態]が起こる頻度が多い"
1049,"世の中が不景気な状態　である"
1050,"[1]が[2]に順応した状態　である"
1051,"[1]が自由に[2=動作]をすることが可能な状況下にある状態　になる"
1052,"[1=事態]が起こる時期が決まっている"
1053,"[1]の機能が失われにくい状態　である"
1054,"[1]が論理的に筋が通っていない状態　である"
1055,"[1]が人工的に作られたもの　である"
1056,"[1]が[2]に対して直角に交わる方向を向いた状態　である"
1057,"[1]と[2]が遠い状態　である"
1058,"[1=人]の動作が遅い"
1059,"（[動作主]の働きかけで）　[1]が[2]をすることが不可能な状況下にある状態　になる"
1060,"[1]の可能性が　（ほぼ）無い"
1061,"[1=（場｜人）]が騒がしい状態　である"
1062,"（[1=人]が暇な状態　である"
1063,"[1]の音程がが高い状態　である"
1064,"[1]が物理的に低い状態　である"
1065,"（[動作主]の働きかけで）　[1]が[2]と似ている状態　になる"
1066,"（[動作主]の働きかけで）　[1]が[2]に付着した状態　である"
1067,"[1]が抽象的　である"
1068,"[1]の進行が望ましくない状態　である"
1069,"（[動作主]の働きかけで）　[1]が[2]に導入された状態　になる"
1070,"[1=事態]が起こる頻度が少ない"
1071,"[1]の長さや時間が長い状態　である"
1072,"[1]の傾きがなだらか　である"
1073,"[1]が[2]に対して傾いた状態　である"
1074,"[1]が人に　知覚動作（聴覚）を行わせる　性質を持つ"
1075,"[1]が[2]に埋まった状態　である"
1076,"[1]が遅い状態　である"
1077,"[1]が硬い状態　である"
1078,"[1]が太い状態　である"
1079,"[1]が[2]より時間的に前にある状態　である"
1080,"[1]の音程がが低い状態　である"
1081,"[1]が人にとって　不幸なことを起こさせそうな　性質を持つ"
1082,"[1]は費やす（お金｜時間）が多い"
1083,"[1]が同等ではない状態　である"
1084,"[1]が不明な状態　である"
1085,"[1=事態]が起こる時期が決まっていない"
1086,"[1]が定まっていない状態　である"
1087,"[1]が　善くも悪くも無い状態　である"
1088,"[1]が必要ではない状態　である"
1089,"[1]の値段が無料の状態　である"
1090,"[1]がどこにも所属していない状態　である"
1091,"[1]が古い状態　である"
1092,"[1]が細い状態　である"
1093,"[1]の程度や水準が（充分ではないが）満足できる状態　である"
1094,"[1]が時間的に近い状態　である"
1095,"[1]が[2]を経験したことがない状態　である"
1096,"[1＝経験者]は（[2]に対して）容易に屈する"
1097,"[1]に限界がある状態　である"
1098,"[1=人]の動作が十分である"
1099,"[1]が[2]より年下の状態　である"
1100,"[1]が質素な状態　である"
